mof_id,element,is_metal,atom_rows,charge_mean,charge_median,charge_std,charge_min,charge_max,occupancy_weighted_charge_sum
DB0-m2_o23_o28_f0_nbo.sym.21,C,False,232,0.06325140086206896,-0.091091,0.37349551706282197,-0.470846,0.91757,14.674325
DB0-m2_o23_o28_f0_nbo.sym.21,Cu,True,12,1.037058,1.009497,0.05031986422875167,0.996822,1.104982,12.444696
DB0-m2_o23_o28_f0_nbo.sym.21,H,False,160,0.075405525,0.060069,0.05606724857114886,-0.036923,0.1621,12.064884
DB0-m2_o23_o28_f0_nbo.sym.21,N,False,8,-0.1257015,-0.1257145,0.01883610086281887,-0.143353,-0.108022,-1.005612
DB0-m2_o23_o28_f0_nbo.sym.21,O,False,64,-0.596535796875,-0.6184395,0.05154988045871002,-0.656966,-0.509095,-38.178291
DB0-m2_o23_o28_f0_nbo.sym.4,C,False,228,0.06590691228070175,-0.09368199999999999,0.3855598243788271,-0.465022,0.887748,15.026776
DB0-m2_o23_o28_f0_nbo.sym.4,Cu,True,12,1.02874425,0.9932245,0.05615291398271329,0.988215,1.104803,12.344930999999999
DB0-m2_o23_o28_f0_nbo.sym.4,H,False,152,0.07938930921052632,0.067419,0.055281055213933894,-0.075653,0.164926,12.067175
DB0-m2_o23_o28_f0_nbo.sym.4,N,False,8,-0.1354045,-0.13535,0.016190551953884358,-0.150701,-0.120222,-1.083236
DB0-m2_o23_o28_f0_nbo.sym.4,O,False,64,-0.59930703125,-0.620827,0.05153117269294498,-0.66145,-0.506,-38.35565
DB0-m2_o6_o27_f0_nbo.sym.30,C,False,160,0.12560164375,-0.1318925,0.4730925862269828,-0.512589,1.035302,20.096263
DB0-m2_o6_o27_f0_nbo.sym.30,Cu,True,12,0.993256,0.9856075,0.011304269080951036,0.985593,1.008599,11.919072
DB0-m2_o6_o27_f0_nbo.sym.30,H,False,80,0.19129695,0.14733849999999998,0.09066122547012202,0.075037,0.324803,15.303756
DB0-m2_o6_o27_f0_nbo.sym.30,N,False,32,-0.5437645625,-0.5438395,0.17812589348365615,-0.719118,-0.368278,-17.400466
DB0-m2_o6_o27_f0_nbo.sym.30,O,False,48,-0.6233047916666666,-0.6286769999999999,0.0454046036052669,-0.675463,-0.565772,-29.91863
DB0-m2_o7_o7_f0_nbo.sym.45,C,False,192,0.03954188020833333,-0.001191,0.27372979596120806,-0.294508,0.498227,7.592041
DB0-m2_o7_o7_f0_nbo.sym.45,Cu,True,12,0.7828461666666667,0.782841,3.5316319517215703e-05,0.782799,0.782937,9.394154
DB0-m2_o7_o7_f0_nbo.sym.45,H,False,48,0.08609618749999999,0.0861075,2.4943046828853968e-05,0.086039,0.086122,4.132617
DB0-m2_o7_o7_f0_nbo.sym.45,I,False,48,0.003252145833333333,0.003249,1.2083027631251514e-05,0.003229,0.00328,0.156103
DB0-m2_o7_o7_f0_nbo.sym.45,O,False,48,-0.4432274375,-0.443225,3.3296799571451686e-05,-0.443347,-0.443164,-21.274917
DB0-m3_o11_o17_f0_pcu.sym.32,C,False,26,0.056297653846153844,-0.015824,0.35359498113575566,-0.339634,0.871247,1.463739
DB0-m3_o11_o17_f0_pcu.sym.32,H,False,15,0.15429386666666664,0.142377,0.04954122097357291,0.109529,0.288501,2.314408
DB0-m3_o11_o17_f0_pcu.sym.32,N,False,3,0.05578299999999999,-0.218356,0.5886726066252785,-0.345823,0.731528,0.16734899999999997
DB0-m3_o11_o17_f0_pcu.sym.32,O,False,10,-0.606526,-0.6426510000000001,0.1038206698441543,-0.695444,-0.403683,-6.06526
DB0-m3_o11_o17_f0_pcu.sym.32,Zn,True,2,1.0598805,1.0598805,0.04711664615080318,1.026564,1.093197,2.119761
DB0-m3_o12_o20_f0_pcu.sym.24,C,False,16,0.16340875,0.027528,0.39704092306268207,-0.317877,0.966119,2.61454
DB0-m3_o12_o20_f0_pcu.sym.24,H,False,4,0.2054695,0.21140599999999998,0.05111060222367434,0.147202,0.251864,0.821878
DB0-m3_o12_o20_f0_pcu.sym.24,N,False,6,0.363376,0.5810759999999999,0.4419349207243076,-0.20386,0.714338,2.180256
DB0-m3_o12_o20_f0_pcu.sym.24,O,False,16,-0.4777655625,-0.4463735,0.1595758972927799,-0.703752,-0.286026,-7.644249
DB0-m3_o12_o20_f0_pcu.sym.24,Zn,True,2,1.013788,1.013788,0.0069763155031865075,1.008855,1.018721,2.027576
DB0-m3_o152_o155_f0_fsc.sym.27,C,False,48,0.041702125,-0.011644999999999999,0.3263546325381838,-0.322665,0.910508,2.001702
DB0-m3_o152_o155_f0_fsc.sym.27,H,False,20,0.17360285,0.148727,0.07722482246782339,0.10851,0.391599,3.472057
DB0-m3_o152_o155_f0_fsc.sym.27,N,False,2,0.1806035,0.1806035,0.005394517633672169,0.176789,0.184418,0.361207
DB0-m3_o152_o155_f0_fsc.sym.27,O,False,12,-0.65973225,-0.7042885,0.09406600319033724,-0.755393,-0.527538,-7.916787
DB0-m3_o152_o155_f0_fsc.sym.27,Zn,True,2,1.0409115,1.0409115,0.008675493098377654,1.034777,1.047046,2.081823
DB0-m3_o440_o155_f0_fsc.sym.26,C,False,46,0.07766002173913043,-0.018394,0.33827185424911255,-0.278167,0.824212,3.572361
DB0-m3_o440_o155_f0_fsc.sym.26,H,False,18,0.21166561111111112,0.1759075,0.10425764167006932,0.131355,0.399649,3.809981
DB0-m3_o440_o155_f0_fsc.sym.26,N,False,2,0.1470885,0.1470885,4.94974746830097e-06,0.147085,0.147092,0.294177
DB0-m3_o440_o155_f0_fsc.sym.26,O,False,16,-0.61011175,-0.6036505000000001,0.09602585503949786,-0.736762,-0.495161,-9.761788
DB0-m3_o440_o155_f0_fsc.sym.26,Zn,True,2,1.0426345000000001,1.0426345000000001,3.5355339058773948e-06,1.042632,1.042637,2.0852690000000003
DB0-m3_o6_o27_f0_nbo.sym.33,C,False,160,0.11722026875,-0.089193,0.41768036239990053,-0.476811,0.988289,18.755243
DB0-m3_o6_o27_f0_nbo.sym.33,H,False,80,0.1885954625,0.15594750000000002,0.08964112803657402,0.057396,0.305795,15.087637
DB0-m3_o6_o27_f0_nbo.sym.33,N,False,32,-0.5109931875,-0.5085495,0.15503569318010182,-0.671143,-0.356437,-16.351782
DB0-m3_o6_o27_f0_nbo.sym.33,O,False,48,-0.6963264374999999,-0.6939854999999999,0.013273002283320455,-0.716129,-0.674455,-33.423669
DB0-m3_o6_o27_f0_nbo.sym.33,Zn,True,12,1.3277140833333332,1.3312585000000001,0.005324788215307643,1.32026,1.331516,15.932568999999999
DB0-m3_o7_o7_f0_nbo.sym.48,C,False,192,0.056190625,0.0115835,0.3213156667354702,-0.277196,0.622095,10.7886
DB0-m3_o7_o7_f0_nbo.sym.48,H,False,48,0.08523710416666667,0.0851475,0.0005226699149389302,0.084364,0.086087,4.091381
DB0-m3_o7_o7_f0_nbo.sym.48,I,False,48,0.0225501875,0.022641,0.00035024056512267016,0.021789,0.023073,1.082409
DB0-m3_o7_o7_f0_nbo.sym.48,O,False,48,-0.6564295,-0.6562965000000001,0.008342187564524211,-0.665285,-0.647721,-31.508616
DB0-m3_o7_o7_f0_nbo.sym.48,Zn,True,12,1.2955186666666667,1.2955185,0.00013787829503745944,1.295341,1.295817,15.546224
DB0-m9_o17_o27_f0_sra.sym.116,C,False,70,0.07433361428571428,0.056316000000000005,0.3543818799500971,-0.58141,0.887796,5.203353
DB0-m9_o17_o27_f0_sra.sym.116,H,False,30,0.0938295,0.11612549999999999,0.05838257945167406,-0.027374,0.172573,2.814885
DB0-m9_o17_o27_f0_sra.sym.116,N,False,10,-0.3325628,-0.3165405,0.057940630393533,-0.484984,-0.272106,-3.325628
DB0-m9_o17_o27_f0_sra.sym.116,O,False,20,-0.5046264,-0.5352049999999999,0.08180505065439676,-0.614516,-0.316109,-10.092528
DB0-m9_o17_o27_f0_sra.sym.116,V,True,4,1.34997975,1.35472,0.04655953195193584,1.294166,1.396313,5.399919
DB0-m9_o17_o27_f0_sra.sym.117,C,False,70,0.06384768571428572,-0.008907499999999999,0.3328644895294433,-0.491646,0.895248,4.4693380000000005
DB0-m9_o17_o27_f0_sra.sym.117,H,False,30,0.10113303333333333,0.11569499999999999,0.05106318016318765,-0.015979,0.197477,3.033991
DB0-m9_o17_o27_f0_sra.sym.117,N,False,10,-0.2777028,-0.31418,0.14176156443424445,-0.418104,-0.074597,-2.777028
DB0-m9_o17_o27_f0_sra.sym.117,O,False,20,-0.5037764,-0.5448545,0.08629738841288424,-0.598849,-0.321125,-10.075528
DB0-m9_o17_o27_f0_sra.sym.117,V,True,4,1.3373075,1.3349570000000002,0.04109494592201499,1.301151,1.378165,5.34923
