intervention,process,metric,groups,statistic,estimate,bootstrap_95_low,bootstrap_95_high
linker_family_change,landfill-gas-vpsa,absolute_uptake_difference,3491,equal_weight_group_median,0.2598579999999999,0.2493999999999998,0.2688270000000003
linker_family_change,landfill-gas-vpsa,absolute_working_capacity_difference,3491,equal_weight_group_median,0.2453379999999998,0.2356760000000006,0.2549369999999999
linker_family_change,landfill-gas-vpsa,absolute_selectivity_difference,3491,equal_weight_group_median,0.2411685000000001,0.2303520000000003,0.2491439999999998
linker_family_change,landfill-gas-vpsa,working_capacity_change_oriented_by_uptake,3491,equal_weight_group_median,0.2323659999999998,0.222048,0.2428850000000002
linker_family_change,landfill-gas-vpsa,selectivity_change_oriented_by_uptake,3491,equal_weight_group_median,0.2000580000000003,0.1896530000000003,0.2116009999999999
linker_family_change,landfill-gas-vpsa,uptake_working_capacity_concordant,3491,equal_weight_group_mean,0.9130981256156118,0.9043772439451856,0.9218022766856316
linker_family_change,landfill-gas-vpsa,uptake_selectivity_concordant,3491,equal_weight_group_mean,0.8170696077157814,0.8051951517675447,0.82858385417313
linker_family_change,methane-storage-psa,absolute_uptake_difference,3491,equal_weight_group_median,0.4326270000000001,0.4185419999999995,0.4449559999999994
linker_family_change,methane-storage-psa,absolute_working_capacity_difference,3491,equal_weight_group_median,0.4249179999999999,0.4069209999999987,0.4362460000000006
linker_family_change,methane-storage-psa,absolute_selectivity_difference,0,equal_weight_group_median,,,
linker_family_change,methane-storage-psa,working_capacity_change_oriented_by_uptake,3491,equal_weight_group_median,0.3803359999999998,0.3639650000000003,0.3927740000000002
linker_family_change,methane-storage-psa,selectivity_change_oriented_by_uptake,0,equal_weight_group_median,,,
linker_family_change,methane-storage-psa,uptake_working_capacity_concordant,3491,equal_weight_group_mean,0.8347085852392411,0.8230976047680569,0.8458496920150368
linker_family_change,methane-storage-psa,uptake_selectivity_concordant,0,equal_weight_group_mean,,,
linker_family_change,natural-gas-purification,absolute_uptake_difference,3491,equal_weight_group_median,0.2312699999999994,0.2219819999999999,0.2416655000000001
linker_family_change,natural-gas-purification,absolute_working_capacity_difference,3485,equal_weight_group_median,0.2122689999999999,0.2034629999999999,0.2230619999999998
linker_family_change,natural-gas-purification,absolute_selectivity_difference,3491,equal_weight_group_median,0.4174290000000002,0.4012380000000002,0.4393260000000003
linker_family_change,natural-gas-purification,working_capacity_change_oriented_by_uptake,3485,equal_weight_group_median,0.1989430000000001,0.1897570000000001,0.2100884999999999
linker_family_change,natural-gas-purification,selectivity_change_oriented_by_uptake,3491,equal_weight_group_median,0.3857669999999995,0.3676140000000001,0.406809
linker_family_change,natural-gas-purification,uptake_working_capacity_concordant,3485,equal_weight_group_mean,0.9012167539493756,0.8918394047452448,0.910386284356944
linker_family_change,natural-gas-purification,uptake_selectivity_concordant,3491,equal_weight_group_mean,0.8620256415334966,0.8510258965574004,0.8724218790240829
linker_family_change,post-combustion-vsa,absolute_uptake_difference,3491,equal_weight_group_median,0.0911885,0.086502,0.0958999999999998
linker_family_change,post-combustion-vsa,absolute_working_capacity_difference,3491,equal_weight_group_median,0.083778,0.0790079999999999,0.088535
linker_family_change,post-combustion-vsa,absolute_selectivity_difference,3491,equal_weight_group_median,2.03091,1.852425,2.23619
linker_family_change,post-combustion-vsa,working_capacity_change_oriented_by_uptake,3491,equal_weight_group_median,0.079727,0.07338,0.0840859999999999
linker_family_change,post-combustion-vsa,selectivity_change_oriented_by_uptake,3491,equal_weight_group_median,1.676655000000002,1.5416000000000023,1.837365
linker_family_change,post-combustion-vsa,uptake_working_capacity_concordant,3491,equal_weight_group_mean,0.9291726829698154,0.9212089799322808,0.9370634907054852
linker_family_change,post-combustion-vsa,uptake_selectivity_concordant,3491,equal_weight_group_mean,0.8428033583827281,0.831334877193124,0.8538632391169231
linker_family_change,pre-combustion-40-40,absolute_uptake_difference,3491,equal_weight_group_median,0.6672130000000003,0.6450369999999985,0.6903005000000002
linker_family_change,pre-combustion-40-40,absolute_working_capacity_difference,3491,equal_weight_group_median,0.750808000000001,0.7297158125000001,0.7734050000000003
linker_family_change,pre-combustion-40-40,absolute_selectivity_difference,3491,equal_weight_group_median,5.170190999999999,4.857992999999993,5.667849512500002
linker_family_change,pre-combustion-40-40,working_capacity_change_oriented_by_uptake,3491,equal_weight_group_median,0.7350249999999985,0.6980539999999991,0.7546279999999967
linker_family_change,pre-combustion-40-40,selectivity_change_oriented_by_uptake,3491,equal_weight_group_median,1.8656369999999995,1.6811235999999987,2.0955450000000013
linker_family_change,pre-combustion-40-40,uptake_working_capacity_concordant,3491,equal_weight_group_mean,0.9055562517500776,0.8965011624778492,0.914687978415574
linker_family_change,pre-combustion-40-40,uptake_selectivity_concordant,3491,equal_weight_group_mean,0.6998805233609544,0.685752321466482,0.7140723847469337
metal_substitution,landfill-gas-vpsa,absolute_uptake_difference,452,equal_weight_group_median,0.3181994999999999,0.2874450000000002,0.3443860000000001
metal_substitution,landfill-gas-vpsa,absolute_working_capacity_difference,450,equal_weight_group_median,0.2989502500000001,0.2724449999999994,0.3226375000000001
metal_substitution,landfill-gas-vpsa,absolute_selectivity_difference,452,equal_weight_group_median,0.3605209999999996,0.31953464375,0.3947625062500001
metal_substitution,landfill-gas-vpsa,working_capacity_change_oriented_by_uptake,450,equal_weight_group_median,0.2911187500000001,0.2680379999999998,0.31944825
metal_substitution,landfill-gas-vpsa,selectivity_change_oriented_by_uptake,452,equal_weight_group_median,0.3361145000000003,0.292618,0.3708900000000001
metal_substitution,landfill-gas-vpsa,uptake_working_capacity_concordant,450,equal_weight_group_mean,0.8973306878306878,0.8701480158730158,0.9224216931216932
metal_substitution,landfill-gas-vpsa,uptake_selectivity_concordant,452,equal_weight_group_mean,0.8761158519454979,0.8470623726998173,0.9035470001053518
metal_substitution,methane-storage-psa,absolute_uptake_difference,452,equal_weight_group_median,0.3620255000000005,0.3332527500000013,0.3977540000000026
metal_substitution,methane-storage-psa,absolute_working_capacity_difference,452,equal_weight_group_median,0.3492659999999992,0.3147950000000001,0.3838735
metal_substitution,methane-storage-psa,absolute_selectivity_difference,0,equal_weight_group_median,,,
metal_substitution,methane-storage-psa,working_capacity_change_oriented_by_uptake,452,equal_weight_group_median,0.3425579999999995,0.3121290000000003,0.3812404999999996
metal_substitution,methane-storage-psa,selectivity_change_oriented_by_uptake,0,equal_weight_group_median,,,
metal_substitution,methane-storage-psa,uptake_working_capacity_concordant,452,equal_weight_group_mean,0.9167807978648688,0.8928130267593762,0.9388100505689002
metal_substitution,methane-storage-psa,uptake_selectivity_concordant,0,equal_weight_group_mean,,,
metal_substitution,natural-gas-purification,absolute_uptake_difference,452,equal_weight_group_median,0.3110779999999999,0.281094,0.3339364999999999
metal_substitution,natural-gas-purification,absolute_working_capacity_difference,442,equal_weight_group_median,0.2881665,0.258569325,0.3130739999999998
metal_substitution,natural-gas-purification,absolute_selectivity_difference,452,equal_weight_group_median,0.6804810000000006,0.620244,0.7477042500000001
metal_substitution,natural-gas-purification,working_capacity_change_oriented_by_uptake,442,equal_weight_group_median,0.2735099999999998,0.2505969999999999,0.3127590000000002
metal_substitution,natural-gas-purification,selectivity_change_oriented_by_uptake,452,equal_weight_group_median,0.6674849999999999,0.5907149999999999,0.7259600249999999
metal_substitution,natural-gas-purification,uptake_working_capacity_concordant,442,equal_weight_group_mean,0.9247693194925029,0.9022613898500575,0.9458769186407594
metal_substitution,natural-gas-purification,uptake_selectivity_concordant,452,equal_weight_group_mean,0.91725400337126,0.8931028102612726,0.9400819110830172
metal_substitution,post-combustion-vsa,absolute_uptake_difference,452,equal_weight_group_median,0.0946329999999999,0.0831824999999998,0.1117
metal_substitution,post-combustion-vsa,absolute_working_capacity_difference,451,equal_weight_group_median,0.0911529999999999,0.078804,0.1030769999999999
metal_substitution,post-combustion-vsa,absolute_selectivity_difference,452,equal_weight_group_median,2.923745,2.4752175000000003,3.5142074999999977
metal_substitution,post-combustion-vsa,working_capacity_change_oriented_by_uptake,451,equal_weight_group_median,0.0844125,0.073319,0.096915
metal_substitution,post-combustion-vsa,selectivity_change_oriented_by_uptake,452,equal_weight_group_median,2.39035,1.7983384375000004,2.9443825
metal_substitution,post-combustion-vsa,uptake_working_capacity_concordant,451,equal_weight_group_mean,0.9253088375039594,0.902473075704783,0.946004117833386
metal_substitution,post-combustion-vsa,uptake_selectivity_concordant,452,equal_weight_group_mean,0.8403023598820059,0.8082955383480825,0.8705023967551623
metal_substitution,pre-combustion-40-40,absolute_uptake_difference,452,equal_weight_group_median,0.5278645000000015,0.4829350000000003,0.5854710000000019
metal_substitution,pre-combustion-40-40,absolute_working_capacity_difference,452,equal_weight_group_median,0.6247699999999998,0.5767619999999989,0.6890917500000002
metal_substitution,pre-combustion-40-40,absolute_selectivity_difference,452,equal_weight_group_median,6.757915499999996,5.8140730000000005,8.020383
metal_substitution,pre-combustion-40-40,working_capacity_change_oriented_by_uptake,452,equal_weight_group_median,0.6220374999999994,0.5693389999999994,0.6890917500000002
metal_substitution,pre-combustion-40-40,selectivity_change_oriented_by_uptake,452,equal_weight_group_median,1.6248914999999993,1.094048,2.1902739999999987
metal_substitution,pre-combustion-40-40,uptake_working_capacity_concordant,452,equal_weight_group_mean,0.8933154235145384,0.8661759903076275,0.9191268963337548
metal_substitution,pre-combustion-40-40,uptake_selectivity_concordant,452,equal_weight_group_mean,0.6825712881022616,0.6424775688298918,0.722359267453294
