intervention,target,T/K,p/bar,effect_measure,common_support_cells,chemistry_pairs,control_pairs,median_chemistry_minus_control,bootstrap_95_low,bootstrap_95_high,positive_cell_fraction,control_status
functional_motif_change,landfill_CH4,338.0,0.01,absolute_uptake_difference,5,6,4585,-0.0002020000000000008,-0.0007520000000000009,0.0005260000000000022,0.2,crosses_zero
functional_motif_change,landfill_CH4,338.0,0.01,absolute_log_difference,5,6,4585,-0.02570316383357074,-0.06671939697613105,0.047137996926274184,0.2,crosses_zero
functional_motif_change,landfill_CH4,338.0,0.01,standardized_absolute_difference,5,6,4585,-0.03629918742507007,-0.13513360863194365,0.09452164646330129,0.2,crosses_zero
functional_motif_change,landfill_CH4,338.0,4.4,absolute_uptake_difference,5,6,4585,-0.024580000000000046,-0.04320349999999995,0.006018999999999997,0.2,crosses_zero
functional_motif_change,landfill_CH4,338.0,4.4,absolute_log_difference,5,6,4585,-0.01786948855738335,-0.02787083251739423,0.005504139696537624,0.2,crosses_zero
functional_motif_change,landfill_CH4,338.0,4.4,standardized_absolute_difference,5,6,4585,-0.059987200552863884,-0.10543763299778872,0.014689298621956323,0.2,crosses_zero
functional_motif_change,landfill_CO2,338.0,0.26,absolute_uptake_difference,5,6,4585,0.028555499999999984,0.014034000000000046,0.04744300000000001,1.0,above_control
functional_motif_change,landfill_CO2,338.0,0.26,absolute_log_difference,5,6,4585,0.11453054699688223,0.02298179882149909,0.17770093709544144,1.0,above_control
functional_motif_change,landfill_CO2,338.0,0.26,standardized_absolute_difference,5,6,4585,0.0844032048852205,0.041481135940858636,0.14023012202095986,1.0,above_control
functional_motif_change,landfill_CO2,338.0,3.2,absolute_uptake_difference,5,6,4585,0.043613000000000124,0.016253000000000295,0.13471100000000025,1.0,above_control
functional_motif_change,landfill_CO2,338.0,3.2,absolute_log_difference,5,6,4585,0.007735709630409371,-0.005233350918783408,0.0466200497013487,0.8,crosses_zero
functional_motif_change,landfill_CO2,338.0,3.2,standardized_absolute_difference,5,6,4585,0.02416597417827125,0.009005791353941459,0.07464339870059604,1.0,above_control
functional_motif_change,methane_purification_CH4,298.0,0.9,absolute_uptake_difference,5,6,4585,0.007048000000000054,-0.017954499999999984,0.037558999999999954,0.6,crosses_zero
functional_motif_change,methane_purification_CH4,298.0,0.9,absolute_log_difference,5,6,4585,0.018446030968992444,-0.02826000460734196,0.045850939372582,0.6,crosses_zero
functional_motif_change,methane_purification_CH4,298.0,0.9,standardized_absolute_difference,5,6,4585,0.014282380298573934,-0.03638379640617816,0.07611122611153998,0.6,crosses_zero
functional_motif_change,methane_purification_CH4,298.0,9.0,absolute_uptake_difference,5,6,4585,-0.05087999999999937,-0.09425499999999998,0.10774899999999965,0.2,crosses_zero
functional_motif_change,methane_purification_CH4,298.0,9.0,absolute_log_difference,5,6,4585,-0.00883664874805179,-0.02189946647873442,0.015712866092829958,0.2,crosses_zero
functional_motif_change,methane_purification_CH4,298.0,9.0,standardized_absolute_difference,5,6,4585,-0.037244759726219545,-0.06899577099046511,0.07887353804521352,0.2,crosses_zero
functional_motif_change,methane_purification_CO2,298.0,0.1,absolute_uptake_difference,5,6,4585,-0.0006520000000000137,-0.020705999999999974,0.040022,0.4,crosses_zero
functional_motif_change,methane_purification_CO2,298.0,0.1,absolute_log_difference,5,6,4585,-0.019396859560282975,-0.068723883822707,0.14713863602227428,0.4,crosses_zero
functional_motif_change,methane_purification_CO2,298.0,0.1,standardized_absolute_difference,5,6,4585,-0.0014976434049393458,-0.04756166310225981,0.09193049747313074,0.4,crosses_zero
functional_motif_change,methane_purification_CO2,298.0,1.0,absolute_uptake_difference,5,6,4585,-0.05427549999999992,-0.14342699999999953,-0.002545999999999937,0.0,below_control
functional_motif_change,methane_purification_CO2,298.0,1.0,absolute_log_difference,5,6,4585,-0.04112940892828451,-0.0559224354408156,-0.005787667987046857,0.0,below_control
functional_motif_change,methane_purification_CO2,298.0,1.0,standardized_absolute_difference,5,6,4585,-0.03700362100798679,-0.09778478964380818,-0.0017357964290763278,0.0,below_control
functional_motif_change,methane_storage_CH4,298.0,5.8,absolute_uptake_difference,5,6,4585,-0.030904000000000043,-0.04401900000000003,0.18848799999999954,0.4,crosses_zero
functional_motif_change,methane_storage_CH4,298.0,5.8,absolute_log_difference,5,6,4585,-0.007582317954296314,-0.014681337958529328,0.05585254216018409,0.4,crosses_zero
functional_motif_change,methane_storage_CH4,298.0,5.8,standardized_absolute_difference,5,6,4585,-0.01999531454571205,-0.02848090056263584,0.1219543375644628,0.4,crosses_zero
functional_motif_change,methane_storage_CH4,298.0,65.0,absolute_uptake_difference,5,6,4585,-0.05697600000000014,-0.08896300000000323,0.06761200000000045,0.4,crosses_zero
functional_motif_change,methane_storage_CH4,298.0,65.0,absolute_log_difference,5,6,4585,-0.00451843192364576,-0.008464008360246744,0.003985355978436633,0.2,crosses_zero
functional_motif_change,methane_storage_CH4,298.0,65.0,standardized_absolute_difference,5,6,4585,-0.00845296644501457,-0.013198561742625958,0.01003092472761035,0.4,crosses_zero
functional_motif_change,post_combustion_CO2,298.0,0.015,absolute_uptake_difference,5,6,4585,0.0005870000000000042,-0.004687999999999998,0.006433000000000008,0.8,crosses_zero
functional_motif_change,post_combustion_CO2,298.0,0.015,absolute_log_difference,5,6,4585,-0.0009292834098451053,-0.11978998567959032,0.0660691009680483,0.4,crosses_zero
functional_motif_change,post_combustion_CO2,298.0,0.015,standardized_absolute_difference,5,6,4585,0.007890087608077828,-0.06301316985803854,0.08646837066910462,0.8,crosses_zero
functional_motif_change,post_combustion_CO2,298.0,0.15,absolute_uptake_difference,5,6,4585,-0.013687500000000019,-0.0506365,0.016214000000000006,0.2,crosses_zero
functional_motif_change,post_combustion_CO2,298.0,0.15,absolute_log_difference,5,6,4585,0.0014644592528992861,-0.11581753200137967,0.020059274009181616,0.6,crosses_zero
functional_motif_change,post_combustion_CO2,298.0,0.15,standardized_absolute_difference,5,6,4585,-0.019098340053899016,-0.07065374218368994,0.022623597123939236,0.2,crosses_zero
functional_motif_change,post_combustion_N2,298.0,0.075,absolute_uptake_difference,5,6,4585,-5.9000000000000025e-05,-0.0013219999999999968,0.002517000000000002,0.4,crosses_zero
functional_motif_change,post_combustion_N2,298.0,0.075,absolute_log_difference,5,6,4585,-0.005347135439085271,-0.03939696771610057,0.07279536986544732,0.4,crosses_zero
functional_motif_change,post_combustion_N2,298.0,0.075,standardized_absolute_difference,5,6,4585,-0.009287164527423925,-0.20809544924154272,0.3961998833138826,0.4,crosses_zero
functional_motif_change,post_combustion_N2,298.0,0.75,absolute_uptake_difference,5,6,4585,-0.001024000000000004,-0.006407999999999997,0.008818999999999966,0.4,crosses_zero
functional_motif_change,post_combustion_N2,298.0,0.75,absolute_log_difference,5,6,4585,-0.00637370120319658,-0.03593869166422303,0.04794086014754462,0.4,crosses_zero
functional_motif_change,post_combustion_N2,298.0,0.75,standardized_absolute_difference,5,6,4585,-0.031096663815226896,-0.19459709153122337,0.26781394354148735,0.4,crosses_zero
functional_motif_change,pre_combustion_CO2,313.0,0.4,absolute_uptake_difference,5,6,4585,0.04317599999999999,-0.03769600000000006,0.203167,0.8,crosses_zero
functional_motif_change,pre_combustion_CO2,313.0,0.4,absolute_log_difference,5,6,4585,0.057268942752082316,-0.08590393277468622,0.18477957373132126,0.8,crosses_zero
functional_motif_change,pre_combustion_CO2,313.0,0.4,standardized_absolute_difference,5,6,4585,0.04124840164846516,-0.03601305698861742,0.19409658184439788,0.8,crosses_zero
functional_motif_change,pre_combustion_CO2,313.0,16.0,absolute_uptake_difference,5,6,4582,-0.12010099999999824,-0.29660300000000106,0.4397974999999983,0.4,crosses_zero
functional_motif_change,pre_combustion_CO2,313.0,16.0,absolute_log_difference,5,6,4582,-0.010888344588781962,-0.018413815500031294,0.028526259655796915,0.4,crosses_zero
functional_motif_change,pre_combustion_CO2,313.0,16.0,standardized_absolute_difference,5,6,4582,-0.019911852066335417,-0.04917457022365668,0.0729151527393131,0.4,crosses_zero
functional_motif_change,pre_combustion_H2,313.0,0.6,absolute_uptake_difference,5,6,4585,-0.0006049999999999944,-0.0010120000000000129,0.004286499999999999,0.4,crosses_zero
functional_motif_change,pre_combustion_H2,313.0,0.6,absolute_log_difference,5,6,4585,-0.007993100348714144,-0.01921813953538276,0.03847022065889716,0.4,crosses_zero
functional_motif_change,pre_combustion_H2,313.0,0.6,standardized_absolute_difference,5,6,4585,-0.020965096490382924,-0.03506888867482308,0.1485403076132678,0.4,crosses_zero
functional_motif_change,pre_combustion_H2,313.0,24.0,absolute_uptake_difference,5,6,4582,-0.008116000000000012,-0.014462000000000058,0.029347500000000002,0.4,crosses_zero
functional_motif_change,pre_combustion_H2,313.0,24.0,absolute_log_difference,5,6,4582,-0.0037107186165396544,-0.0340856785160005,0.13417153027118123,0.4,crosses_zero
functional_motif_change,pre_combustion_H2,313.0,24.0,standardized_absolute_difference,5,6,4582,-0.015164084260271132,-0.027021067837856294,0.05483341089555279,0.4,crosses_zero
linker_family_change,landfill_CH4,338.0,0.01,absolute_uptake_difference,61,9006,4585,0.00024100000000000033,0.00012750000000000088,0.00029350000000000036,0.6721311475409836,above_control
linker_family_change,landfill_CH4,338.0,0.01,absolute_log_difference,61,9006,4585,0.014333587162124406,0.0034007527711699126,0.026724565462546312,0.6885245901639344,above_control
linker_family_change,landfill_CH4,338.0,0.01,standardized_absolute_difference,61,9006,4585,0.04330744638337556,0.022911615825229936,0.06082809377913952,0.6721311475409836,above_control
linker_family_change,landfill_CH4,338.0,4.4,absolute_uptake_difference,61,9006,4585,0.02216749999999995,0.013300500000000048,0.030286499999999994,0.8032786885245902,above_control
linker_family_change,landfill_CH4,338.0,4.4,absolute_log_difference,61,9006,4585,0.012849325330026251,0.007246315490176514,0.018099432449142416,0.7704918032786885,above_control
linker_family_change,landfill_CH4,338.0,4.4,standardized_absolute_difference,61,9006,4585,0.05409952271178209,0.03159212006333631,0.0739138466047318,0.8032786885245902,above_control
linker_family_change,landfill_CO2,338.0,0.26,absolute_uptake_difference,61,9006,4585,0.008332999999999965,0.00048400000000003995,0.014364999999999975,0.639344262295082,above_control
linker_family_change,landfill_CO2,338.0,0.26,absolute_log_difference,61,9006,4585,0.030970812526424307,0.00874851582633454,0.0460486839574875,0.7213114754098361,above_control
linker_family_change,landfill_CO2,338.0,0.26,standardized_absolute_difference,61,9006,4585,0.024630348139886876,0.0014867472836149337,0.042726175949881796,0.639344262295082,above_control
linker_family_change,landfill_CO2,338.0,3.2,absolute_uptake_difference,61,9006,4585,0.06096350000000039,0.045070000000000165,0.09183799999999964,0.7540983606557377,above_control
linker_family_change,landfill_CO2,338.0,3.2,absolute_log_difference,61,9006,4585,0.01821413238414804,0.01411215369053926,0.02677734136669907,0.7377049180327869,above_control
linker_family_change,landfill_CO2,338.0,3.2,standardized_absolute_difference,61,9006,4585,0.03377989055595913,0.0249732982416868,0.050887458706900694,0.7540983606557377,above_control
linker_family_change,methane_purification_CH4,298.0,0.9,absolute_uptake_difference,61,9006,4585,0.01868049999999996,0.010829000000000005,0.024590500000000015,0.7540983606557377,above_control
linker_family_change,methane_purification_CH4,298.0,0.9,absolute_log_difference,61,9006,4585,0.02648057514746833,0.01776396068460545,0.036819377967876876,0.7868852459016393,above_control
linker_family_change,methane_purification_CH4,298.0,0.9,standardized_absolute_difference,61,9006,4585,0.03785499505781892,0.019851049575032573,0.04983128160216799,0.7540983606557377,above_control
linker_family_change,methane_purification_CH4,298.0,9.0,absolute_uptake_difference,61,9006,4585,0.07285649999999966,0.03640800000000022,0.0989195000000005,0.7540983606557377,above_control
linker_family_change,methane_purification_CH4,298.0,9.0,absolute_log_difference,61,9006,4585,0.00999947404831758,0.0042388382915381495,0.017392986506306496,0.7049180327868853,above_control
linker_family_change,methane_purification_CH4,298.0,9.0,standardized_absolute_difference,61,9006,4585,0.053331816764806056,0.02937819505645148,0.07241023997126252,0.7540983606557377,above_control
linker_family_change,methane_purification_CO2,298.0,0.1,absolute_uptake_difference,61,9006,4585,0.011193000000000008,0.006156000000000009,0.016175999999999982,0.7868852459016393,above_control
linker_family_change,methane_purification_CO2,298.0,0.1,absolute_log_difference,61,9006,4585,0.029547924797178715,0.017178535321229316,0.04190427393237972,0.7704918032786885,above_control
linker_family_change,methane_purification_CO2,298.0,0.1,standardized_absolute_difference,61,9006,4585,0.025710310784487357,0.01723438415223881,0.03715625723665386,0.7868852459016393,above_control
linker_family_change,methane_purification_CO2,298.0,1.0,absolute_uptake_difference,61,9006,4585,0.04240400000000011,0.01993400000000012,0.05730499999999994,0.7213114754098361,above_control
linker_family_change,methane_purification_CO2,298.0,1.0,absolute_log_difference,61,9006,4585,0.01952253909504742,0.008854559846858567,0.02639005775631842,0.7213114754098361,above_control
linker_family_change,methane_purification_CO2,298.0,1.0,standardized_absolute_difference,61,9006,4585,0.028909941782621573,0.01679447813654858,0.039069055132844165,0.7213114754098361,above_control
linker_family_change,methane_storage_CH4,298.0,5.8,absolute_uptake_difference,61,9006,4585,0.08766750000000001,0.05609200000000003,0.0974775000000001,0.8360655737704918,above_control
linker_family_change,methane_storage_CH4,298.0,5.8,absolute_log_difference,61,9006,4585,0.018441620414967774,0.014322979444764017,0.024340959273549234,0.8032786885245902,above_control
linker_family_change,methane_storage_CH4,298.0,5.8,standardized_absolute_difference,61,9006,4585,0.0567220825115263,0.03637349842976851,0.06306928791190931,0.8360655737704918,above_control
linker_family_change,methane_storage_CH4,298.0,65.0,absolute_uptake_difference,61,9006,4585,0.21501849999999934,0.14235499999999757,0.2566289999999998,0.7704918032786885,above_control
linker_family_change,methane_storage_CH4,298.0,65.0,absolute_log_difference,61,9006,4585,0.009191446415965254,0.0077300884063127295,0.01216598770084043,0.8032786885245902,above_control
linker_family_change,methane_storage_CH4,298.0,65.0,standardized_absolute_difference,61,9006,4585,0.03190017139773511,0.021119805501966193,0.038094392039538676,0.7704918032786885,above_control
linker_family_change,post_combustion_CO2,298.0,0.015,absolute_uptake_difference,61,9006,4585,0.002013999999999988,0.0011989999999999917,0.003646500000000004,0.7540983606557377,above_control
linker_family_change,post_combustion_CO2,298.0,0.015,absolute_log_difference,61,9006,4585,0.025893209494085356,0.01064731244743955,0.04436431018200937,0.6721311475409836,above_control
linker_family_change,post_combustion_CO2,298.0,0.015,standardized_absolute_difference,61,9006,4585,0.02707093090744217,0.017198240365477818,0.04901397693842531,0.7540983606557377,above_control
linker_family_change,post_combustion_CO2,298.0,0.15,absolute_uptake_difference,61,9006,4585,0.017549999999999996,0.01229050000000001,0.042062000000000044,0.7704918032786885,above_control
linker_family_change,post_combustion_CO2,298.0,0.15,absolute_log_difference,61,9006,4585,0.05293566480184776,0.03529630688898716,0.06513674114030568,0.8032786885245902,above_control
linker_family_change,post_combustion_CO2,298.0,0.15,standardized_absolute_difference,61,9006,4585,0.0244877346444513,0.017425360347990318,0.05868963502079269,0.7704918032786885,above_control
linker_family_change,post_combustion_N2,298.0,0.075,absolute_uptake_difference,61,9006,4585,0.0005805000000000012,0.0003625,0.000873999999999998,0.7377049180327869,above_control
linker_family_change,post_combustion_N2,298.0,0.075,absolute_log_difference,61,9006,4585,0.011627483391679405,0.005683332251562145,0.026936843524077325,0.7049180327868853,above_control
linker_family_change,post_combustion_N2,298.0,0.075,standardized_absolute_difference,61,9006,4585,0.09137625437572716,0.0570609684947469,0.13757596266044175,0.7377049180327869,above_control
linker_family_change,post_combustion_N2,298.0,0.75,absolute_uptake_difference,61,9006,4585,0.0017499999999999877,0.0005759999999999654,0.0024894999999999917,0.6557377049180327,above_control
linker_family_change,post_combustion_N2,298.0,0.75,absolute_log_difference,61,9006,4585,0.008408541837712336,0.00382377647969645,0.014407079861301075,0.6721311475409836,above_control
linker_family_change,post_combustion_N2,298.0,0.75,standardized_absolute_difference,61,9006,4585,0.053143712574849844,0.017491873396063784,0.07560072711719384,0.6557377049180327,above_control
linker_family_change,pre_combustion_CO2,313.0,0.4,absolute_uptake_difference,61,9006,4585,0.023532999999999915,0.0024569999999999315,0.031957499999999917,0.639344262295082,above_control
linker_family_change,pre_combustion_CO2,313.0,0.4,absolute_log_difference,61,9006,4585,0.028695757771460023,0.008752342722479822,0.03965252232665739,0.6557377049180327,above_control
linker_family_change,pre_combustion_CO2,313.0,0.4,standardized_absolute_difference,61,9006,4585,0.022482366036532503,0.0016580183680959676,0.030530753096183583,0.639344262295082,above_control
linker_family_change,pre_combustion_CO2,313.0,16.0,absolute_uptake_difference,61,9006,4582,0.21205900000000177,0.15075950000000038,0.27727549999999823,0.7704918032786885,above_control
linker_family_change,pre_combustion_CO2,313.0,16.0,absolute_log_difference,61,9006,4582,0.011618411115522642,0.00847752591584161,0.013680697667063035,0.819672131147541,above_control
linker_family_change,pre_combustion_CO2,313.0,16.0,standardized_absolute_difference,61,9006,4582,0.035157804159291914,0.02537612610508934,0.04597021454958102,0.7704918032786885,above_control
linker_family_change,pre_combustion_H2,313.0,0.6,absolute_uptake_difference,61,9006,4585,0.0011105000000000004,0.0008360000000000103,0.0013865000000000058,0.8360655737704918,above_control
linker_family_change,pre_combustion_H2,313.0,0.6,absolute_log_difference,61,9006,4585,0.012695910989210968,0.008824593791343815,0.016085483841814074,0.8360655737704918,above_control
linker_family_change,pre_combustion_H2,313.0,0.6,standardized_absolute_difference,61,9006,4585,0.03848221430176926,0.028969951513984217,0.04804645666763015,0.8360655737704918,above_control
linker_family_change,pre_combustion_H2,313.0,24.0,absolute_uptake_difference,61,9006,4582,0.025541000000000008,0.01110249999999999,0.04076300000000033,0.8524590163934426,above_control
linker_family_change,pre_combustion_H2,313.0,24.0,absolute_log_difference,61,9006,4582,0.026817194497923413,0.020723542680890772,0.03228852426732698,0.8360655737704918,above_control
linker_family_change,pre_combustion_H2,313.0,24.0,standardized_absolute_difference,61,9006,4582,0.047721276009313036,0.022742389553477002,0.07616234188041354,0.8524590163934426,above_control
metal_substitution,landfill_CH4,338.0,0.01,absolute_uptake_difference,30,527,4585,-0.0001587500000000002,-0.0002907499999999976,0.00014249999999999918,0.4,crosses_zero
metal_substitution,landfill_CH4,338.0,0.01,absolute_log_difference,30,527,4585,-0.0032123728561892495,-0.023859156581254704,0.022137770650405786,0.43333333333333335,crosses_zero
metal_substitution,landfill_CH4,338.0,0.01,standardized_absolute_difference,30,527,4585,-0.028527207939256723,-0.05224746902890594,0.025607100039962548,0.4,crosses_zero
metal_substitution,landfill_CH4,338.0,4.4,absolute_uptake_difference,30,527,4585,0.008705500000000074,-0.005781499999999995,0.015397249999999987,0.6333333333333333,crosses_zero
metal_substitution,landfill_CH4,338.0,4.4,absolute_log_difference,30,527,4585,0.03423797698017868,0.0077709649749472046,0.10192802377506928,0.7,above_control
metal_substitution,landfill_CH4,338.0,4.4,standardized_absolute_difference,30,527,4585,0.021245670236491446,-0.014109682668689262,0.037576807311333615,0.6333333333333333,crosses_zero
metal_substitution,landfill_CO2,338.0,0.26,absolute_uptake_difference,30,527,4585,0.05071774999999999,0.019208250000000003,0.13727100000000006,0.8,above_control
metal_substitution,landfill_CO2,338.0,0.26,absolute_log_difference,30,527,4585,0.06366128449904732,0.022663824312447192,0.08729292452561867,0.7666666666666667,above_control
metal_substitution,landfill_CO2,338.0,0.26,standardized_absolute_difference,30,527,4585,0.14990949710449453,0.05677497715804443,0.40574013194652914,0.8,above_control
metal_substitution,landfill_CO2,338.0,3.2,absolute_uptake_difference,30,527,4585,0.039165500000000075,-0.004137250000000009,0.14833324999999953,0.6666666666666666,crosses_zero
metal_substitution,landfill_CO2,338.0,3.2,absolute_log_difference,30,527,4585,0.02612313084771241,0.004091848549987065,0.08098145101359866,0.7666666666666667,above_control
metal_substitution,landfill_CO2,338.0,3.2,standardized_absolute_difference,30,527,4585,0.021701613318943477,-0.002292451256942947,0.09097411830184067,0.6666666666666666,crosses_zero
metal_substitution,methane_purification_CH4,298.0,0.9,absolute_uptake_difference,30,527,4585,0.000760000000000061,-0.007311000000000012,0.01576225,0.5666666666666667,crosses_zero
metal_substitution,methane_purification_CH4,298.0,0.9,absolute_log_difference,30,527,4585,0.012683895431356649,0.0025041601060161248,0.03446409133533752,0.7,above_control
metal_substitution,methane_purification_CH4,298.0,0.9,standardized_absolute_difference,30,527,4585,0.0015400977620483812,-0.014815335182019503,0.03194132361821727,0.5666666666666667,crosses_zero
metal_substitution,methane_purification_CH4,298.0,9.0,absolute_uptake_difference,30,527,4585,-0.008368500000000167,-0.04768900000000007,0.018078250000000184,0.4666666666666667,crosses_zero
metal_substitution,methane_purification_CH4,298.0,9.0,absolute_log_difference,30,527,4585,0.008138756404305753,-0.010250968860194165,0.060550557519291226,0.6,crosses_zero
metal_substitution,methane_purification_CH4,298.0,9.0,standardized_absolute_difference,30,527,4585,-0.006125840640111624,-0.034908910113673516,0.013233492089633307,0.4666666666666667,crosses_zero
metal_substitution,methane_purification_CO2,298.0,0.1,absolute_uptake_difference,30,527,4585,0.050540499999999995,0.025988250000000004,0.17022824999999994,0.7333333333333333,above_control
metal_substitution,methane_purification_CO2,298.0,0.1,absolute_log_difference,30,527,4585,0.0628388377242412,0.036720923998524224,0.11172079270311269,0.8333333333333334,above_control
metal_substitution,methane_purification_CO2,298.0,0.1,standardized_absolute_difference,30,527,4585,0.11609148237321382,0.05969498653131003,0.3910141348878232,0.7333333333333333,above_control
metal_substitution,methane_purification_CO2,298.0,1.0,absolute_uptake_difference,30,527,4585,0.08861899999999995,-0.01502824999999991,0.22741450000000007,0.6,crosses_zero
metal_substitution,methane_purification_CO2,298.0,1.0,absolute_log_difference,30,527,4585,0.04454728600877789,-0.004158654105539986,0.1042391249548997,0.6,crosses_zero
metal_substitution,methane_purification_CO2,298.0,1.0,standardized_absolute_difference,30,527,4585,0.06041812401740719,-0.010245869082979904,0.1500281033380263,0.6,crosses_zero
metal_substitution,methane_storage_CH4,298.0,5.8,absolute_uptake_difference,30,527,4585,-0.02280049999999978,-0.03897174999999986,0.0010860000000002534,0.36666666666666664,crosses_zero
metal_substitution,methane_storage_CH4,298.0,5.8,absolute_log_difference,30,527,4585,-0.0011590105851323196,-0.00599180677132552,0.006994944557992197,0.4666666666666667,crosses_zero
metal_substitution,methane_storage_CH4,298.0,5.8,standardized_absolute_difference,30,527,4585,-0.014752238198922546,-0.025215260149069683,0.0007026569892780304,0.36666666666666664,crosses_zero
metal_substitution,methane_storage_CH4,298.0,65.0,absolute_uptake_difference,30,527,4585,0.005071000000000492,-0.05812674999999978,0.1335952500000015,0.5,crosses_zero
metal_substitution,methane_storage_CH4,298.0,65.0,absolute_log_difference,30,527,4585,0.010082532646340292,0.007842463983590675,0.014585254839944772,0.7333333333333333,above_control
metal_substitution,methane_storage_CH4,298.0,65.0,standardized_absolute_difference,30,527,4585,0.0007523341905832787,-0.008623691858111269,0.019820207902684336,0.5,crosses_zero
metal_substitution,post_combustion_CO2,298.0,0.015,absolute_uptake_difference,30,527,4585,0.03042125,0.0050550000000000005,0.1474435,0.7666666666666667,above_control
metal_substitution,post_combustion_CO2,298.0,0.015,absolute_log_difference,30,527,4585,0.08601780772171755,-0.005903016057676222,0.172183172969889,0.6666666666666666,crosses_zero
metal_substitution,post_combustion_CO2,298.0,0.015,standardized_absolute_difference,30,527,4585,0.4089034542542353,0.06794615478506504,1.981843496152668,0.7666666666666667,above_control
metal_substitution,post_combustion_CO2,298.0,0.15,absolute_uptake_difference,30,527,4585,0.029518500000000045,-3.724999999985684e-05,0.10631324999999994,0.6666666666666666,crosses_zero
metal_substitution,post_combustion_CO2,298.0,0.15,absolute_log_difference,30,527,4585,0.020059510062116065,-0.009246159504892396,0.031290961936865036,0.5666666666666667,crosses_zero
metal_substitution,post_combustion_CO2,298.0,0.15,standardized_absolute_difference,30,527,4585,0.041187532484457945,-0.00040533828570974047,0.14834020827288952,0.6666666666666666,crosses_zero
metal_substitution,post_combustion_N2,298.0,0.075,absolute_uptake_difference,30,527,4585,0.002119000000000001,0.0003682499999999962,0.008924499999999998,0.8,above_control
metal_substitution,post_combustion_N2,298.0,0.075,absolute_log_difference,30,527,4585,0.03872874464246545,0.008884248983486276,0.07600326275683078,0.7333333333333333,above_control
metal_substitution,post_combustion_N2,298.0,0.075,standardized_absolute_difference,30,527,4585,0.3335508751458548,0.05796607351224918,1.5678386522753764,0.8,above_control
metal_substitution,post_combustion_N2,298.0,0.75,absolute_uptake_difference,30,527,4585,0.0105395,0.004857500000000008,0.03565674999999998,0.8666666666666667,above_control
metal_substitution,post_combustion_N2,298.0,0.75,absolute_log_difference,30,527,4585,0.04869018184943341,0.024002657602664235,0.08484003218884484,0.7666666666666667,above_control
metal_substitution,post_combustion_N2,298.0,0.75,standardized_absolute_difference,30,527,4585,0.32006180496150505,0.1475117621899061,1.2057017750213859,0.8666666666666667,above_control
metal_substitution,pre_combustion_CO2,313.0,0.4,absolute_uptake_difference,30,527,4585,0.05236124999999999,-0.013280750000000063,0.10971750000000008,0.6333333333333333,crosses_zero
metal_substitution,pre_combustion_CO2,313.0,0.4,absolute_log_difference,30,527,4585,0.031308466435085364,0.008554836967205576,0.06834308172472639,0.7,above_control
metal_substitution,pre_combustion_CO2,313.0,0.4,standardized_absolute_difference,30,527,4585,0.05002357492161609,-0.01268782912249529,0.1175172465808796,0.6333333333333333,crosses_zero
metal_substitution,pre_combustion_CO2,313.0,16.0,absolute_uptake_difference,30,527,4582,0.02701450000000022,-0.27471049999999986,0.1874459999999991,0.5,crosses_zero
metal_substitution,pre_combustion_CO2,313.0,16.0,absolute_log_difference,30,527,4582,0.007507019702712392,-0.0002938469691142198,0.025178097657370113,0.6666666666666666,crosses_zero
metal_substitution,pre_combustion_CO2,313.0,16.0,standardized_absolute_difference,30,527,4582,0.004478803071132049,-0.04554495663707306,0.03107715191735577,0.5,crosses_zero
metal_substitution,pre_combustion_H2,313.0,0.6,absolute_uptake_difference,30,527,4585,0.00041374999999999745,7.499999999971722e-07,0.0008242499999999969,0.6666666666666666,above_control
metal_substitution,pre_combustion_H2,313.0,0.6,absolute_log_difference,30,527,4585,0.01171159383269249,0.007116074459394328,0.07555854242731597,0.8666666666666667,above_control
metal_substitution,pre_combustion_H2,313.0,0.6,standardized_absolute_difference,30,527,4585,0.014337700285778403,2.5989789037544203e-05,0.028562778152393668,0.6666666666666666,above_control
metal_substitution,pre_combustion_H2,313.0,24.0,absolute_uptake_difference,30,527,4582,-0.00014249999999976087,-0.009592499999999997,0.0041489999999999964,0.5,crosses_zero
metal_substitution,pre_combustion_H2,313.0,24.0,absolute_log_difference,30,527,4582,0.004131361462627964,-0.007722053231354407,0.040386059610200725,0.5666666666666667,crosses_zero
metal_substitution,pre_combustion_H2,313.0,24.0,standardized_absolute_difference,30,527,4582,-0.0002662496312327515,-0.01792280412353999,0.007752068210431836,0.5,crosses_zero
