intervention,target,T/K,p/bar,effect_measure,common_support_cells,chemistry_pairs,control_pairs,median_chemistry_minus_control,bootstrap_95_low,bootstrap_95_high,positive_cell_fraction,control_status,y
functional_motif_change,landfill_CH4,338.0,0.01,standardized_absolute_difference,5,6,4585,-0.03629918742507,-0.1351336086319436,0.0945216464633012,0.2,crosses_zero,0
functional_motif_change,landfill_CH4,338.0,4.4,standardized_absolute_difference,5,6,4585,-0.0599872005528638,-0.1054376329977887,0.0146892986219563,0.2,crosses_zero,1
functional_motif_change,landfill_CO2,338.0,0.26,standardized_absolute_difference,5,6,4585,0.0844032048852205,0.0414811359408586,0.1402301220209598,1.0,above_control,2
functional_motif_change,landfill_CO2,338.0,3.2,standardized_absolute_difference,5,6,4585,0.0241659741782712,0.0090057913539414,0.074643398700596,1.0,above_control,3
functional_motif_change,methane_purification_CH4,298.0,0.9,standardized_absolute_difference,5,6,4585,0.0142823802985739,-0.0363837964061781,0.0761112261115399,0.6,crosses_zero,4
functional_motif_change,methane_purification_CH4,298.0,9.0,standardized_absolute_difference,5,6,4585,-0.0372447597262195,-0.0689957709904651,0.0788735380452135,0.2,crosses_zero,5
functional_motif_change,methane_purification_CO2,298.0,0.1,standardized_absolute_difference,5,6,4585,-0.0014976434049393,-0.0475616631022598,0.0919304974731307,0.4,crosses_zero,6
functional_motif_change,methane_purification_CO2,298.0,1.0,standardized_absolute_difference,5,6,4585,-0.0370036210079867,-0.0977847896438081,-0.0017357964290763,0.0,below_control,7
functional_motif_change,methane_storage_CH4,298.0,5.8,standardized_absolute_difference,5,6,4585,-0.019995314545712,-0.0284809005626358,0.1219543375644628,0.4,crosses_zero,8
functional_motif_change,methane_storage_CH4,298.0,65.0,standardized_absolute_difference,5,6,4585,-0.0084529664450145,-0.0131985617426259,0.0100309247276103,0.4,crosses_zero,9
functional_motif_change,post_combustion_CO2,298.0,0.015,standardized_absolute_difference,5,6,4585,0.0078900876080778,-0.0630131698580385,0.0864683706691046,0.8,crosses_zero,10
functional_motif_change,post_combustion_CO2,298.0,0.15,standardized_absolute_difference,5,6,4585,-0.019098340053899,-0.0706537421836899,0.0226235971239392,0.2,crosses_zero,11
functional_motif_change,post_combustion_N2,298.0,0.075,standardized_absolute_difference,5,6,4585,-0.0092871645274239,-0.2080954492415427,0.3961998833138826,0.4,crosses_zero,12
functional_motif_change,post_combustion_N2,298.0,0.75,standardized_absolute_difference,5,6,4585,-0.0310966638152268,-0.1945970915312233,0.2678139435414873,0.4,crosses_zero,13
functional_motif_change,pre_combustion_CO2,313.0,0.4,standardized_absolute_difference,5,6,4585,0.0412484016484651,-0.0360130569886174,0.1940965818443978,0.8,crosses_zero,14
functional_motif_change,pre_combustion_CO2,313.0,16.0,standardized_absolute_difference,5,6,4582,-0.0199118520663354,-0.0491745702236566,0.0729151527393131,0.4,crosses_zero,15
functional_motif_change,pre_combustion_H2,313.0,0.6,standardized_absolute_difference,5,6,4585,-0.0209650964903829,-0.035068888674823,0.1485403076132678,0.4,crosses_zero,16
functional_motif_change,pre_combustion_H2,313.0,24.0,standardized_absolute_difference,5,6,4582,-0.0151640842602711,-0.0270210678378562,0.0548334108955527,0.4,crosses_zero,17
linker_family_change,landfill_CH4,338.0,0.01,standardized_absolute_difference,61,9006,4585,0.0433074463833755,0.0229116158252299,0.0608280937791395,0.6721311475409836,above_control,0
linker_family_change,landfill_CH4,338.0,4.4,standardized_absolute_difference,61,9006,4585,0.054099522711782,0.0315921200633363,0.0739138466047318,0.8032786885245902,above_control,1
linker_family_change,landfill_CO2,338.0,0.26,standardized_absolute_difference,61,9006,4585,0.0246303481398868,0.0014867472836149,0.0427261759498817,0.639344262295082,above_control,2
linker_family_change,landfill_CO2,338.0,3.2,standardized_absolute_difference,61,9006,4585,0.0337798905559591,0.0249732982416868,0.0508874587069006,0.7540983606557377,above_control,3
linker_family_change,methane_purification_CH4,298.0,0.9,standardized_absolute_difference,61,9006,4585,0.0378549950578189,0.0198510495750325,0.0498312816021679,0.7540983606557377,above_control,4
linker_family_change,methane_purification_CH4,298.0,9.0,standardized_absolute_difference,61,9006,4585,0.053331816764806,0.0293781950564514,0.0724102399712625,0.7540983606557377,above_control,5
linker_family_change,methane_purification_CO2,298.0,0.1,standardized_absolute_difference,61,9006,4585,0.0257103107844873,0.0172343841522388,0.0371562572366538,0.7868852459016393,above_control,6
linker_family_change,methane_purification_CO2,298.0,1.0,standardized_absolute_difference,61,9006,4585,0.0289099417826215,0.0167944781365485,0.0390690551328441,0.7213114754098361,above_control,7
linker_family_change,methane_storage_CH4,298.0,5.8,standardized_absolute_difference,61,9006,4585,0.0567220825115263,0.0363734984297685,0.0630692879119093,0.8360655737704918,above_control,8
linker_family_change,methane_storage_CH4,298.0,65.0,standardized_absolute_difference,61,9006,4585,0.0319001713977351,0.0211198055019661,0.0380943920395386,0.7704918032786885,above_control,9
linker_family_change,post_combustion_CO2,298.0,0.015,standardized_absolute_difference,61,9006,4585,0.0270709309074421,0.0171982403654778,0.0490139769384253,0.7540983606557377,above_control,10
linker_family_change,post_combustion_CO2,298.0,0.15,standardized_absolute_difference,61,9006,4585,0.0244877346444513,0.0174253603479903,0.0586896350207926,0.7704918032786885,above_control,11
linker_family_change,post_combustion_N2,298.0,0.075,standardized_absolute_difference,61,9006,4585,0.0913762543757271,0.0570609684947469,0.1375759626604417,0.7377049180327869,above_control,12
linker_family_change,post_combustion_N2,298.0,0.75,standardized_absolute_difference,61,9006,4585,0.0531437125748498,0.0174918733960637,0.0756007271171938,0.6557377049180327,above_control,13
linker_family_change,pre_combustion_CO2,313.0,0.4,standardized_absolute_difference,61,9006,4585,0.0224823660365325,0.0016580183680959,0.0305307530961835,0.639344262295082,above_control,14
linker_family_change,pre_combustion_CO2,313.0,16.0,standardized_absolute_difference,61,9006,4582,0.0351578041592919,0.0253761261050893,0.045970214549581,0.7704918032786885,above_control,15
linker_family_change,pre_combustion_H2,313.0,0.6,standardized_absolute_difference,61,9006,4585,0.0384822143017692,0.0289699515139842,0.0480464566676301,0.8360655737704918,above_control,16
linker_family_change,pre_combustion_H2,313.0,24.0,standardized_absolute_difference,61,9006,4582,0.047721276009313,0.022742389553477,0.0761623418804135,0.8524590163934426,above_control,17
metal_substitution,landfill_CH4,338.0,0.01,standardized_absolute_difference,30,527,4585,-0.0285272079392567,-0.0522474690289059,0.0256071000399625,0.4,crosses_zero,0
metal_substitution,landfill_CH4,338.0,4.4,standardized_absolute_difference,30,527,4585,0.0212456702364914,-0.0141096826686892,0.0375768073113336,0.6333333333333333,crosses_zero,1
metal_substitution,landfill_CO2,338.0,0.26,standardized_absolute_difference,30,527,4585,0.1499094971044945,0.0567749771580444,0.4057401319465291,0.8,above_control,2
metal_substitution,landfill_CO2,338.0,3.2,standardized_absolute_difference,30,527,4585,0.0217016133189434,-0.0022924512569429,0.0909741183018406,0.6666666666666666,crosses_zero,3
metal_substitution,methane_purification_CH4,298.0,0.9,standardized_absolute_difference,30,527,4585,0.0015400977620483,-0.0148153351820195,0.0319413236182172,0.5666666666666667,crosses_zero,4
metal_substitution,methane_purification_CH4,298.0,9.0,standardized_absolute_difference,30,527,4585,-0.0061258406401116,-0.0349089101136735,0.0132334920896333,0.4666666666666667,crosses_zero,5
metal_substitution,methane_purification_CO2,298.0,0.1,standardized_absolute_difference,30,527,4585,0.1160914823732138,0.05969498653131,0.3910141348878232,0.7333333333333333,above_control,6
metal_substitution,methane_purification_CO2,298.0,1.0,standardized_absolute_difference,30,527,4585,0.0604181240174071,-0.0102458690829799,0.1500281033380263,0.6,crosses_zero,7
metal_substitution,methane_storage_CH4,298.0,5.8,standardized_absolute_difference,30,527,4585,-0.0147522381989225,-0.0252152601490696,0.000702656989278,0.3666666666666666,crosses_zero,8
metal_substitution,methane_storage_CH4,298.0,65.0,standardized_absolute_difference,30,527,4585,0.0007523341905832,-0.0086236918581112,0.0198202079026843,0.5,crosses_zero,9
metal_substitution,post_combustion_CO2,298.0,0.015,standardized_absolute_difference,30,527,4585,0.4089034542542353,0.067946154785065,1.981843496152668,0.7666666666666667,above_control,10
metal_substitution,post_combustion_CO2,298.0,0.15,standardized_absolute_difference,30,527,4585,0.0411875324844579,-0.0004053382857097,0.1483402082728895,0.6666666666666666,crosses_zero,11
metal_substitution,post_combustion_N2,298.0,0.075,standardized_absolute_difference,30,527,4585,0.3335508751458548,0.0579660735122491,1.5678386522753764,0.8,above_control,12
metal_substitution,post_combustion_N2,298.0,0.75,standardized_absolute_difference,30,527,4585,0.320061804961505,0.1475117621899061,1.205701775021386,0.8666666666666667,above_control,13
metal_substitution,pre_combustion_CO2,313.0,0.4,standardized_absolute_difference,30,527,4585,0.050023574921616,-0.0126878291224952,0.1175172465808796,0.6333333333333333,crosses_zero,14
metal_substitution,pre_combustion_CO2,313.0,16.0,standardized_absolute_difference,30,527,4582,0.004478803071132,-0.045544956637073,0.0310771519173557,0.5,crosses_zero,15
metal_substitution,pre_combustion_H2,313.0,0.6,standardized_absolute_difference,30,527,4585,0.0143377002857784,2.5989789037544203e-05,0.0285627781523936,0.6666666666666666,above_control,16
metal_substitution,pre_combustion_H2,313.0,24.0,standardized_absolute_difference,30,527,4582,-0.0002662496312327,-0.0179228041235399,0.0077520682104318,0.5,crosses_zero,17
