pair_id,endpoint,mof_id,mode,pressure_pa,n_replicates,mean,between_seed_sd,between_seed_se,unit,mean_energy_total_per_co2_K,sd_energy_total_per_co2_K,mean_energy_vdw_per_co2_K,sd_energy_vdw_per_co2_K,mean_energy_coulomb_per_co2_K,sd_energy_coulomb_per_co2_K
A1,A,DB0-m3_o11_o17_f0_pcu.sym.32,gcmc_0p1bar,10000.0,3,0.29766963333333335,0.002238389310047159,0.001292334670706908,mol/kg,-2161.4870458042687,26.57490195571901,-1621.3278321056648,17.795638908570826,-540.1591381484307,8.787371504750912
A1,A,DB0-m3_o11_o17_f0_pcu.sym.32,gcmc_1bar,100000.0,3,3.2913243333333333,0.015476231464194716,0.008935206401893776,mol/kg,-2056.01351105524,3.664315517142993,-1579.885392244226,0.16171312456338247,-476.1280847596023,3.7541740786629294
A1,A,DB0-m3_o11_o17_f0_pcu.sym.32,henry_chargeoff,,3,1.3559346666666666e-05,1.183906387065026e-08,6.835286712673101e-09,mol/kg/Pa,nan,nan,nan,nan,nan,nan
A1,A,DB0-m3_o11_o17_f0_pcu.sym.32,henry_full,,3,2.8153496666666666e-05,1.6050166516374016e-06,9.266567958766857e-07,mol/kg/Pa,nan,nan,nan,nan,nan,nan
A1,B,DB0-m3_o12_o20_f0_pcu.sym.24,gcmc_0p1bar,10000.0,3,0.10074948333333333,0.0009578043854740574,0.0005529886197844512,mol/kg,-1873.9448494865273,8.043486173769757,-1283.2215274721832,7.955670195956863,-590.7231620800712,1.8712619304816376
A1,B,DB0-m3_o12_o20_f0_pcu.sym.24,gcmc_1bar,100000.0,3,1.0475023333333333,0.017226779656492268,0.00994588587194618,mol/kg,-1849.721128781379,10.346928217928996,-1271.9074666978472,4.903708135230303,-577.8138222237785,5.518391685588081
A1,B,DB0-m3_o12_o20_f0_pcu.sym.24,henry_chargeoff,,3,3.89901e-06,3.2978439926714282e-09,1.9040111169142395e-09,mol/kg/Pa,nan,nan,nan,nan,nan,nan
A1,B,DB0-m3_o12_o20_f0_pcu.sym.24,henry_full,,3,9.712090666666667e-06,5.455703522382178e-07,3.14985189726614e-07,mol/kg/Pa,nan,nan,nan,nan,nan,nan
A2,A,DB0-m2_o23_o28_f0_nbo.sym.21,gcmc_0p1bar,10000.0,3,0.12067713333333334,0.0009635562533310323,0.0005563094622400188,mol/kg,-1222.3040268824327,15.578328317045509,-965.6491548594075,14.11982993997444,-256.6554128493578,2.0449093866534493
A2,A,DB0-m2_o23_o28_f0_nbo.sym.21,gcmc_1bar,100000.0,3,1.2048480000000001,0.004980750244692004,0.002875637494539223,mol/kg,-1199.3224496145012,5.201829724873355,-946.4526263894012,4.361163306907424,-252.86994401318026,0.8447346208818745
A2,A,DB0-m2_o23_o28_f0_nbo.sym.21,henry_chargeoff,,3,8.533617e-06,1.5259515195444276e-08,8.810085205792938e-09,mol/kg/Pa,nan,nan,nan,nan,nan,nan
A2,A,DB0-m2_o23_o28_f0_nbo.sym.21,henry_full,,3,1.0864756666666667e-05,3.372604514812451e-07,1.9471741244971157e-07,mol/kg/Pa,nan,nan,nan,nan,nan,nan
A2,B,DB0-m2_o23_o28_f0_nbo.sym.4,gcmc_0p1bar,10000.0,3,0.11402553333333333,0.0005397731591449659,0.0003116381787336808,mol/kg,-1157.4279827449886,9.110599285653581,-913.8083805661845,6.401386335300347,-243.61987748193184,3.2811931262395326
A2,B,DB0-m2_o23_o28_f0_nbo.sym.4,gcmc_1bar,100000.0,3,1.165959,0.01195809821836233,0.006904011225367476,mol/kg,-1146.8049711573053,4.793545940113877,-903.4841435304929,1.9836247947017638,-243.32109474547465,3.004688877924997
A2,B,DB0-m2_o23_o28_f0_nbo.sym.4,henry_chargeoff,,3,8.297144333333332e-06,1.0823730241157413e-08,6.249083568368126e-09,mol/kg/Pa,nan,nan,nan,nan,nan,nan
A2,B,DB0-m2_o23_o28_f0_nbo.sym.4,henry_full,,3,1.118673e-05,4.0283245015763136e-07,2.3257542353682497e-07,mol/kg/Pa,nan,nan,nan,nan,nan,nan
A3,A,DB0-m2_o7_o7_f0_nbo.sym.45,gcmc_0p1bar,10000.0,3,0.03388539333333333,0.00026299897534654557,0.00015184252921292385,mol/kg,-805.2965625282018,38.25283985763164,-756.8823328681967,37.89256548851914,-48.41415575195972,5.0580802057100405
A3,A,DB0-m2_o7_o7_f0_nbo.sym.45,gcmc_1bar,100000.0,3,0.34545753333333334,0.0018381997017008947,0.0010612850926013013,mol/kg,-803.9992929438462,1.7151434661220015,-756.0351514316558,1.804930187024438,-47.96416349756524,2.585083545501994
A3,A,DB0-m2_o7_o7_f0_nbo.sym.45,henry_chargeoff,,3,3.184495e-06,6.558339195253568e-09,3.786458899816521e-09,mol/kg/Pa,nan,nan,nan,nan,nan,nan
A3,A,DB0-m2_o7_o7_f0_nbo.sym.45,henry_full,,3,3.3740413333333334e-06,1.636367612528851e-08,9.447572815867174e-09,mol/kg/Pa,nan,nan,nan,nan,nan,nan
A3,B,DB0-m3_o7_o7_f0_nbo.sym.48,gcmc_0p1bar,10000.0,3,0.07648971333333333,0.0009875237512249194,0.0005701471036008563,mol/kg,-1497.7368366913142,38.15417875125535,-1115.5610178466147,19.92543985533965,-382.1759855173214,18.42666961944979
A3,B,DB0-m3_o7_o7_f0_nbo.sym.48,gcmc_1bar,100000.0,3,0.7538087,0.01539601426571173,0.008888892980755986,mol/kg,-1478.2686323375362,13.093367515344738,-1107.8989197506894,3.0281229328916277,-370.3695938264172,11.681637962615383
A3,B,DB0-m3_o7_o7_f0_nbo.sym.48,henry_chargeoff,,3,5.639890666666666e-06,2.3379367770180118e-08,1.3498084275596752e-08,mol/kg/Pa,nan,nan,nan,nan,nan,nan
A3,B,DB0-m3_o7_o7_f0_nbo.sym.48,henry_full,,3,7.3028453333333335e-06,4.058019883272305e-07,2.342898871984119e-07,mol/kg/Pa,nan,nan,nan,nan,nan,nan
A4,A,DB0-m2_o6_o27_f0_nbo.sym.30,gcmc_0p1bar,10000.0,3,0.09446839,0.00116482060520065,0.0006725094899702181,mol/kg,-1015.2414418157385,24.84455670298795,-770.2025518855651,25.84377520193493,-245.03893256999382,3.57353387350414
A4,A,DB0-m2_o6_o27_f0_nbo.sym.30,gcmc_1bar,100000.0,3,0.9377243000000001,0.0013242050332180327,0.0007645301323906885,mol/kg,-1012.5275097299813,8.364967171538595,-768.315434102038,6.305902908225255,-244.2120755142817,2.0662993951085062
A4,A,DB0-m2_o6_o27_f0_nbo.sym.30,henry_chargeoff,,3,6.733885333333333e-06,6.419669955171816e-09,3.7063981767270007e-09,mol/kg/Pa,nan,nan,nan,nan,nan,nan
A4,A,DB0-m2_o6_o27_f0_nbo.sym.30,henry_full,,3,9.028731e-06,7.879266722861943e-08,4.549096763461203e-08,mol/kg/Pa,nan,nan,nan,nan,nan,nan
A4,B,DB0-m3_o6_o27_f0_nbo.sym.33,gcmc_0p1bar,10000.0,3,0.14719953333333333,0.0008469357846574612,0.0004889786032583122,mol/kg,-1534.5887091700258,9.180922086775752,-724.4292276193294,12.930123015408745,-810.1594816457556,10.017088616682825
A4,B,DB0-m3_o6_o27_f0_nbo.sym.33,gcmc_1bar,100000.0,3,1.4299893333333333,0.004939000134980111,0.002851533057458365,mol/kg,-1496.1467517172346,2.757143072463311,-730.3026211993493,3.3908798516223193,-765.8441226676865,5.111626755230243
A4,B,DB0-m3_o6_o27_f0_nbo.sym.33,henry_chargeoff,,3,6.688215e-06,4.6136020634641145e-09,2.6636643932748194e-09,mol/kg/Pa,nan,nan,nan,nan,nan,nan
A4,B,DB0-m3_o6_o27_f0_nbo.sym.33,henry_full,,3,1.4650133333333334e-05,4.66951805043447e-07,2.6959475034041576e-07,mol/kg/Pa,nan,nan,nan,nan,nan,nan
B1,A,DB0-m3_o14_o22_f0_nbo.sym.46,gcmc_0p1bar,10000.0,3,0.32046783333333334,0.004140895459116703,0.002390747108007128,mol/kg,-2300.0665203017147,6.924882487128575,-1484.7939002883027,10.379902582628864,-815.2724677696502,9.42228126280481
B1,A,DB0-m3_o14_o22_f0_nbo.sym.46,gcmc_1bar,100000.0,3,2.8880546666666667,0.012279899402410917,0.007089803225603468,mol/kg,-2190.992259572428,6.4809830902102235,-1465.6031468329336,5.162649978174264,-725.3890573690085,5.862495069965138
B1,A,DB0-m3_o14_o22_f0_nbo.sym.46,henry_chargeoff,,3,1.2594836666666667e-05,7.2264813936892e-09,4.172210977940282e-09,mol/kg/Pa,nan,nan,nan,nan,nan,nan
B1,A,DB0-m3_o14_o22_f0_nbo.sym.46,henry_full,,3,2.9945980000000003e-05,2.20846438488376e-06,1.2750575071083402e-06,mol/kg/Pa,nan,nan,nan,nan,nan,nan
B1,B,DB0-m3_o1_o9_f0_nbo.sym.133,gcmc_0p1bar,10000.0,3,0.16064523333333333,0.0013975488590147105,0.0008068752099577974,mol/kg,-2043.5374938313985,17.964338578368817,-1146.5098985182854,4.213565879537928,-897.0275229900066,14.29477230653732
B1,B,DB0-m3_o1_o9_f0_nbo.sym.133,gcmc_1bar,100000.0,3,1.50152,0.010751206629955563,0.006207212041918134,mol/kg,-1956.0854068510084,3.2923230128854692,-1144.025492744868,1.1129148680404262,-812.0599947885547,4.404608701329031
B1,B,DB0-m3_o1_o9_f0_nbo.sym.133,henry_chargeoff,,3,6.375977666666666e-06,1.225672588146317e-08,7.0764239870462154e-09,mol/kg/Pa,nan,nan,nan,nan,nan,nan
B1,B,DB0-m3_o1_o9_f0_nbo.sym.133,henry_full,,3,1.576558e-05,8.778327629451976e-07,5.068169819898829e-07,mol/kg/Pa,nan,nan,nan,nan,nan,nan
B2,A,DB1-Zn2O8N2-AZO_A-BDC_A_No205,gcmc_0p1bar,10000.0,3,0.16144450000000002,0.0005445016345246352,0.00031436816526698937,mol/kg,-2009.5572717671726,14.33200199207428,-1763.8765404089672,9.814817833917667,-245.68081291162574,5.727082706182268
B2,A,DB1-Zn2O8N2-AZO_A-BDC_A_No205,gcmc_1bar,100000.0,3,1.5120263333333333,0.010097878060926166,0.0058300126167197385,mol/kg,-1929.7767526546725,3.2056339619764436,-1710.8286220014957,1.1352753497758576,-218.94810548952933,2.360797859355746
B2,A,DB1-Zn2O8N2-AZO_A-BDC_A_No205,henry_chargeoff,,3,1.2594946666666666e-05,1.28010207926299e-08,7.39067280052687e-09,mol/kg/Pa,nan,nan,nan,nan,nan,nan
B2,A,DB1-Zn2O8N2-AZO_A-BDC_A_No205,henry_full,,3,1.60051e-05,9.757671033602277e-08,5.633593997914089e-08,mol/kg/Pa,nan,nan,nan,nan,nan,nan
B2,B,DB1-Zn2O8N2-AZO_A-irmof6_A_No152,gcmc_0p1bar,10000.0,3,0.16446596666666666,0.003337046002579725,0.001926644407887569,mol/kg,-1974.8693868247703,7.108281304625981,-1797.3562865497527,2.079456327321214,-177.5130035213056,5.150434245562423
B2,B,DB1-Zn2O8N2-AZO_A-irmof6_A_No152,gcmc_1bar,100000.0,3,1.5072943333333333,0.0013643475852338043,0.0007877064456029529,mol/kg,-1889.1850639947436,3.565907901049189,-1725.6479067684793,4.052393645539036,-163.5372900743592,1.4537506807811724
B2,B,DB1-Zn2O8N2-AZO_A-irmof6_A_No152,henry_chargeoff,,3,1.433724e-05,2.4438189376465925e-08,1.4109395215009655e-08,mol/kg/Pa,nan,nan,nan,nan,nan,nan
B2,B,DB1-Zn2O8N2-AZO_A-irmof6_A_No152,henry_full,,3,1.6106456666666668e-05,7.052321130899626e-08,4.071659503336585e-08,mol/kg/Pa,nan,nan,nan,nan,nan,nan
C1,A,DB0-m3_o152_o155_f0_fsc.sym.27,gcmc_0p1bar,10000.0,3,1.3017779999999999,0.007362095557652024,0.0042505078520101445,mol/kg,-2677.1918611501014,2.922755214641744,-2438.828312005226,2.628062762939686,-238.3632115087718,1.0675391183572813
C1,A,DB0-m3_o152_o155_f0_fsc.sym.27,gcmc_1bar,100000.0,3,7.6642893333333335,0.00491048738246357,0.002835071212117603,mol/kg,-2458.4959904083225,0.6710462152540753,-2209.2644946354944,0.850971583746092,-249.23163720100953,0.20399461409550743
C1,A,DB0-m3_o152_o155_f0_fsc.sym.27,henry_chargeoff,,3,9.791443e-05,2.4724243507133074e-07,1.4274548644353137e-07,mol/kg/Pa,nan,nan,nan,nan,nan,nan
C1,A,DB0-m3_o152_o155_f0_fsc.sym.27,henry_full,,3,0.0001296752,3.322569775038595e-06,1.9182865540198473e-06,mol/kg/Pa,nan,nan,nan,nan,nan,nan
C1,B,DB0-m3_o440_o155_f0_fsc.sym.26,gcmc_0p1bar,10000.0,3,1.1520196666666667,0.0077968590043255475,0.004501518644980913,mol/kg,-2645.5730548762635,9.296677235701958,-2395.8742157511224,7.559217673672084,-249.69884278079138,1.8004224905364614
C1,B,DB0-m3_o440_o155_f0_fsc.sym.26,gcmc_1bar,100000.0,3,7.053185666666667,0.026349713211595176,0.015213014015783915,mol/kg,-2429.946043350804,1.2454736239684332,-2130.023363160375,0.756302310608899,-299.92291187764727,1.18734674433836
C1,B,DB0-m3_o440_o155_f0_fsc.sym.26,henry_chargeoff,,3,9.129075e-05,2.360140036099591e-07,1.362627485167312e-07,mol/kg/Pa,nan,nan,nan,nan,nan,nan
C1,B,DB0-m3_o440_o155_f0_fsc.sym.26,henry_full,,3,0.00011327783333333333,3.813954496757046e-06,2.2019876553796644e-06,mol/kg/Pa,nan,nan,nan,nan,nan,nan
C2,A,DB0-m9_o17_o27_f0_sra.sym.116,gcmc_0p1bar,10000.0,3,0.23473943333333333,0.0010038822258279733,0.0005795916733164611,mol/kg,-2332.1254730793257,12.49437280420108,-2120.1007590311497,9.539629111423828,-212.02464206877346,2.956469359906905
C2,A,DB0-m9_o17_o27_f0_sra.sym.116,gcmc_1bar,100000.0,3,2.113579,0.011920770486843452,0.006882460049526813,mol/kg,-2190.8070455395555,4.000038155044683,-1996.7874122157375,2.83206885767434,-194.0195303780423,1.8580419920924336
C2,A,DB0-m9_o17_o27_f0_sra.sym.116,henry_chargeoff,,3,1.7818676666666667e-05,6.004550385610297e-08,3.466728781494776e-08,mol/kg/Pa,nan,nan,nan,nan,nan,nan
C2,A,DB0-m9_o17_o27_f0_sra.sym.116,henry_full,,3,2.337557e-05,4.830169785835693e-07,2.788699826083835e-07,mol/kg/Pa,nan,nan,nan,nan,nan,nan
C2,B,DB0-m9_o17_o27_f0_sra.sym.117,gcmc_0p1bar,10000.0,3,0.2277337,0.0011860699094066952,0.0006847777814736706,mol/kg,-2199.167247893021,8.96429877338937,-2062.934750125228,8.613903101088678,-136.2325924828589,1.6748395269704124
C2,B,DB0-m9_o17_o27_f0_sra.sym.117,gcmc_1bar,100000.0,3,2.157149,0.01472702274731724,0.008502650547525352,mol/kg,-2107.949186565401,4.774811599988497,-1971.1398230330076,2.21582317026657,-136.80955171765046,2.8593251633004115
C2,B,DB0-m9_o17_o27_f0_sra.sym.117,henry_chargeoff,,3,1.950463e-05,2.545014734730412e-09,1.4693649421881676e-09,mol/kg/Pa,nan,nan,nan,nan,nan,nan
C2,B,DB0-m9_o17_o27_f0_sra.sym.117,henry_full,,3,2.3114373333333333e-05,4.072048788685289e-06,2.3509984643007415e-06,mol/kg/Pa,nan,nan,nan,nan,nan,nan
